method,confidence,observations,breaches,expected_breaches,breach_rate,coverage_ratio,mean_var,mean_es,mean_quantile_loss,mean_breach_excess,kupiec_lr,kupiec_p_value,independence_lr,independence_p_value,conditional_coverage_lr,conditional_coverage_p_value,kupiec_reject_5pct,independence_reject_5pct,conditional_coverage_reject_5pct
PSP,0.9,107,13,10.699999999999998,0.12149532710280374,1.2149532710280377,2494.0749503029874,3295.3625235668483,377.3717026719511,1076.4226088138798,0.5177211474292989,0.4718153977376164,3.64633804654207,0.05619263433274879,4.164059193971369,0.12467691135275094,False,False,False
PSP,0.95,107,8,5.350000000000005,0.07476635514018691,1.495327102803737,3224.0223942862467,3790.243628637201,234.45941436256686,998.6624219781288,1.2072130842771074,0.27188476660703476,1.307576972325748,0.2528338267216549,2.5147900566028554,0.2843939004679712,False,False,False
PSP,0.99,107,4,1.070000000000001,0.037383177570093455,3.7383177570093427,4289.687994309088,4289.687994309088,64.73190020717445,591.619884487325,4.770886563142199,0.028944916581358893,0.31380595119973265,0.5753540383309566,5.084692514341931,0.07868157584166247,True,False,False
PCA,0.9,107,14,10.699999999999998,0.1308411214953271,1.3084112149532714,2467.1601965909995,3280.4434803662098,377.1145914997292,1018.1407774193545,1.041178897073877,0.30754745008366824,4.27746856125971,0.038620826668603225,5.3186474583335865,0.0699955416856004,False,True,False
PCA,0.95,107,7,5.350000000000005,0.06542056074766354,1.3084112149532698,3252.6865788638715,3804.1194878669526,231.96901855595593,1081.3533767181957,0.49031941681071345,0.4837848545259734,0.9907254754700361,0.3195651265790108,1.4810448922807495,0.47686471430012756,False,False,False
PCA,0.99,107,4,1.070000000000001,0.037383177570093455,3.7383177570093427,4289.717298423735,4289.717298423735,64.73250430057357,591.6282051350836,4.770886563142199,0.028944916581358893,0.31380595119973265,0.5753540383309566,5.084692514341931,0.07868157584166247,True,False,False
PWG,0.9,107,13,10.699999999999998,0.12149532710280374,1.2149532710280377,2396.249492041933,3309.800088543127,375.82821875919115,1144.2364261006464,0.5177211474292989,0.4718153977376164,3.64633804654207,0.05619263433274879,4.164059193971369,0.12467691135275094,False,False,False
PWG,0.95,107,9,5.350000000000005,0.08411214953271028,1.682242990654204,3089.1715525735494,3902.513106887102,230.97323798050013,926.4145006785353,2.1949642605678577,0.13846242057200242,1.6725076405920376,0.19592299308138084,3.8674719011598953,0.1446069436674816,False,False,False
PWG,0.99,107,3,1.070000000000001,0.028037383177570093,2.803738317757007,4404.439687322141,5071.107704812934,62.071916503882896,653.0256567243792,2.361101152023096,0.12439435497512707,0.17478199876057232,0.6758963983834705,2.5358831507836683,0.2814102878653333,False,False,False
