confidence,method_a,method_b,statistic,p_value,observations,hac_lags,mean_loss_difference
0.9,PSP,PCA,0.04730927924064953,0.9622667326005814,107,4,0.2571111722219541
0.9,PSP,PWG,0.2723631353022267,0.7853428153337663,107,4,1.5434839127599764
0.9,PCA,PWG,0.25703715836057556,0.797150088249241,107,4,1.2863727405380223
0.95,PSP,PCA,0.8945524533467258,0.37102637821074236,107,4,2.4903958066109113
0.95,PSP,PWG,0.5846035767638387,0.5588143021248708,107,4,3.486176382066757
0.95,PCA,PWG,0.14679009646486021,0.8832977018810855,107,4,0.9957805754558449
0.99,PSP,PCA,-3.083171300669939,0.0020480722502784765,107,4,-0.0006040933991335686
0.99,PSP,PWG,0.413093252187599,0.6795382930641298,107,4,2.6599837032915454
0.99,PCA,PWG,0.41318761716144226,0.6794691597933593,107,4,2.660587796690678
