quote_date,actual_pnl,var_90_psp,es_90_psp,var_90_pca,es_90_pca,var_90_pwg,es_90_pwg,var_95_psp,es_95_psp,var_95_pca,es_95_pca,var_95_pwg,es_95_pwg,var_99_psp,es_99_psp,var_99_pca,es_99_pca,var_99_pwg,es_99_pwg,breach_90_psp,breach_90_pca,breach_90_pwg,breach_95_psp,breach_95_pca,breach_95_pwg,breach_99_psp,breach_99_pca,breach_99_pwg
2013-01-03,200.1992591838072,,,,,,,,,,,,,,,,,,,,,,,,,,,
2013-01-04,73.60926858158463,,,,,,,,,,,,,,,,,,,,,,,,,,,
2013-01-07,-1731.0674684616351,,,,,,,,,,,,,,,,,,,,,,,,,,,
2013-01-08,843.2145136760332,,,,,,,,,,,,,,,,,,,,,,,,,,,
2013-01-09,-1510.4459959032752,,,,,,,,,,,,,,,,,,,,,,,,,,,
2013-01-10,-1497.7611422136324,,,,,,,,,,,,,,,,,,,,,,,,,,,
2013-01-11,-209.72434167913102,,,,,,,,,,,,,,,,,,,,,,,,,,,
2013-01-14,967.9169514414053,,,,,,,,,,,,,,,,,,,,,,,,,,,
2013-01-15,99.29205288042203,,,,,,,,,,,,,,,,,,,,,,,,,,,
2013-01-16,-58.52187080533632,,,,,,,,,,,,,,,,,,,,,,,,,,,
2013-01-17,635.947193786129,,,,,,,,,,,,,,,,,,,,,,,,,,,
2013-01-18,-2755.3812533158116,,,,,,,,,,,,,,,,,,,,,,,,,,,
2013-01-21,-1316.26123712846,,,,,,,,,,,,,,,,,,,,,,,,,,,
2013-01-22,-65.42321642180717,,,,,,,,,,,,,,,,,,,,,,,,,,,
2013-01-23,576.5322311408474,,,,,,,,,,,,,,,,,,,,,,,,,,,
2013-01-24,3944.5519189193064,,,,,,,,,,,,,,,,,,,,,,,,,,,
2013-01-25,261.73873193156476,,,,,,,,,,,,,,,,,,,,,,,,,,,
2013-01-28,2580.856459530449,,,,,,,,,,,,,,,,,,,,,,,,,,,
2013-01-29,2032.7657904435646,,,,,,,,,,,,,,,,,,,,,,,,,,,
2013-01-30,534.3203727885525,,,,,,,,,,,,,,,,,,,,,,,,,,,
2013-01-31,2240.1494896166805,1731.0674684616351,2270.976704813344,1510.4446491134756,2007.9870268150878,1559.1626649792931,2277.292560146344,2755.3812533158116,2755.3812533158125,1731.0565294358332,2269.5521625210786,2117.362303484036,2738.314861663364,2755.3812533158116,2755.3812533158125,2755.3688749784183,2755.368874978419,3159.403892860996,3565.2646515491315,0.0,0.0,0.0,0.0,0.0,0.0,0.0,0.0,0.0
2013-02-01,-2494.577009921374,1532.5081431591225,2197.130240570286,1510.4460872234977,2006.380198565478,1590.2433054169155,2287.4493229127497,1731.0674684616351,2197.130240570286,1731.052587726545,2254.3472542364684,2140.38002350635,2725.8533378135116,2755.3812533158116,2755.381253315812,2755.3740625970327,2755.3740625970313,3075.259205034942,3480.553507730333,1.0,1.0,1.0,1.0,1.0,1.0,0.0,0.0,0.0
2013-02-04,-1574.2749014118663,1731.0674684616351,2311.5204949518566,1731.0536134463716,2312.984613670658,1901.3343814108734,2687.825216253302,2494.577009921374,2624.303472956949,2494.578053842104,2619.4270020866384,2546.4640625188936,3158.2517057800164,2755.3812533158116,2755.381253315812,2755.373634619575,2755.373634619576,3545.710108811278,3992.6369677232337,0.0,0.0,0.0,0.0,0.0,0.0,0.0,0.0,0.0
2013-02-05,1325.8424193975975,2494.577009921374,2608.0210081691794,2494.5780051366582,2630.089501943273,1880.7545966107987,2602.7460641339003,2494.577009921374,2608.0210081691794,2755.3737159720304,2755.37371597203,2431.74686653933,3054.91941631471,2755.3812533158116,2755.381253315812,2755.3737159720304,2755.37371597203,3370.176982039785,3969.196854002571,0.0,0.0,0.0,0.0,0.0,0.0,0.0,0.0,0.0
2013-02-06,725.4526583277388,1731.0674684616351,2298.1366909570256,1731.053818513371,2357.724520617319,1833.7604821009322,2597.017139157304,2494.577009921374,2613.568945970086,2494.578038131517,2636.2448326635185,2481.086057943038,3079.812791012013,2755.3812533158116,2755.381253315812,2755.3737280654295,2755.37372806543,3441.850054874766,3928.9481481035336,0.0,0.0,0.0,0.0,0.0,0.0,0.0,0.0,0.0
2013-02-07,-708.7582922840213,1731.0674684616351,2344.430239759483,1731.0543104796284,2335.7936163918157,1838.2753736524817,2436.287122075654,2494.577009921374,2637.4379330546326,2494.577945987465,2619.9880443068323,2294.9150609394023,2806.6619913743953,2755.3812533158116,2755.3812533158116,2755.373945901605,2755.3739459016056,3135.4920966396453,3483.4981397425204,0.0,0.0,0.0,0.0,0.0,0.0,0.0,0.0,0.0
2013-02-08,-1106.6606531633993,1731.0674684616351,2354.769588989134,1731.053989273888,2334.811269277299,1855.0042642888643,2518.797000010199,2494.577009921374,2634.242670318395,2494.5779272960735,2622.31473594559,2334.9999843600463,2970.9799897305893,2755.3812533158116,2755.3812533158125,2755.3739116221695,2755.3739116221695,3421.9876444078513,3924.2313976592013,0.0,0.0,0.0,0.0,0.0,0.0,0.0,0.0,0.0
2013-02-11,1741.5133367213698,1731.0674684616351,2296.391966720305,1731.0543564044945,2328.5634256545086,1926.1706852606778,2630.9754896982095,2494.577009921374,2603.3893763707083,2494.5770218954676,2608.8763223397004,2465.7256293701134,3084.5106026920216,2755.3812533158116,2755.381253315811,2755.372608824562,2755.3726088245635,3397.301112329953,3972.2107785014828,0.0,0.0,0.0,0.0,0.0,0.0,0.0,0.0,0.0
2013-02-12,535.5497911709892,1574.2749014118663,2119.9105603814655,1731.0559023301266,2352.5625791725306,1821.413941566348,2471.2867397284513,2494.577009921374,2642.4345337355444,2494.5760568385613,2615.3472814616016,2292.8529210459546,2908.8187779151167,2755.3812533158116,2755.381253315812,2755.3718897201998,2755.3718897202,3294.543059781781,3888.8220677998615,0.0,0.0,0.0,0.0,0.0,0.0,0.0,0.0,0.0
2013-02-13,-66.85037958248662,1574.2749014118663,2112.1155107302493,1731.0558530481303,2338.065765928609,1824.7294061119303,2530.4589155554354,2494.577009921374,2608.6788664064406,2494.5757498297953,2632.6441060029592,2356.3734964902105,2996.03939684967,2755.3812533158116,2755.381253315812,2755.3715337124377,2755.3715337124377,3486.711562569806,4034.8962646770624,0.0,0.0,0.0,0.0,0.0,0.0,0.0,0.0,0.0
2013-02-14,1893.6638751237606,1731.0674684616351,2324.488729470675,1574.274025280513,2153.136955121092,1630.2798315244822,2315.762388392609,2494.577009921374,2621.199359975195,2494.575739740901,2618.11056237277,2166.429406656462,2756.603299845189,2755.3812533158116,2755.3812533158116,2755.37147640818,2755.3714764081806,3037.1728190361077,3537.238182874261,0.0,0.0,0.0,0.0,0.0,0.0,0.0,0.0,0.0
2013-02-15,-217.80550327798403,1574.2749014118663,2158.2757893245503,1589.950912705692,2324.767326410616,1721.0640800891222,2427.4604224727145,2494.577009921374,2628.159671172184,2494.586682648697,2617.1934818566347,2297.1599784911873,2846.5958429165726,2755.3812533158116,2755.381253315811,2755.369398424312,2755.369398424312,3192.0981808485085,3628.1288521461674,0.0,0.0,0.0,0.0,0.0,0.0,0.0,0.0,0.0
2013-02-18,-746.9293346596421,1574.2749014118663,2136.981355097983,1574.272727083051,2124.110067273097,1665.3498576221882,2309.838381550691,2494.577009921374,2624.9791316185933,2494.5872655472645,2627.265910142205,2104.1303788756904,2744.9144084054674,2755.3812533158116,2755.3812533158116,2755.3694290614585,2755.369429061458,3100.2773199422536,3814.692516875176,0.0,0.0,0.0,0.0,0.0,0.0,0.0,0.0,0.0
2013-02-19,-124.3227181671121,1574.2749014118663,2151.7533500385202,1574.272400185877,2192.17110851812,1673.212681130902,2328.6699400006632,2494.577009921374,2629.054197921631,2494.5877124971767,2643.605840662013,2181.451704662316,2761.621389114092,2755.3812533158116,2755.381253315812,2755.36943678564,2755.36943678564,3066.5538805454757,3597.1449772487504,0.0,0.0,0.0,0.0,0.0,0.0,0.0,0.0,0.0
2013-02-20,-268.24436177247435,1574.2749014118663,2142.784201596005,1574.2724466542013,2107.6334361788668,1638.949871724645,2325.9583821797805,2494.577009921374,2617.041611167458,2494.58769857099,2620.4823814725137,2232.399132366618,2775.291032220896,2755.3812533158116,2755.381253315811,2755.369541724145,2755.3695417241447,3065.1303131396535,3569.0404801543104,0.0,0.0,0.0,0.0,0.0,0.0,0.0,0.0,0.0
2013-02-21,1113.6539451583217,1574.2749014118663,2145.4019299444717,1574.2725595585239,2164.5881494415185,1610.875610627693,2349.526932005121,2494.577009921374,2621.577337139535,2494.5877625942057,2637.804069104063,2205.128026846169,2837.348196796016,2755.3812533158116,2755.381253315812,2755.3696938509593,2755.3696938509593,3142.142091255416,3792.1131715102965,0.0,0.0,0.0,0.0,0.0,0.0,0.0,0.0,0.0
2013-02-22,-1972.7125847046627,1574.2749014118663,2150.1133245750993,1574.2729051408262,2117.254870852854,1500.8315960429873,2088.744049894213,2494.577009921374,2626.175481358935,2494.587432438584,2596.727274093944,1922.0773941186267,2497.7680595307706,2755.3812533158116,2755.381253315811,2755.3700068778003,2755.3700068778,2838.2160156828827,3345.2433837478784,1.0,1.0,1.0,0.0,0.0,1.0,0.0,0.0,0.0
2013-02-25,-415.60396815133925,1731.0674684616351,2232.0170756910875,1574.2735021360616,2101.913420482673,1588.4498212428164,2212.882624775107,2494.577009921374,2619.9636653994685,2494.587877339155,2618.7700493261505,2047.2697734978155,2634.107550499363,2755.3812533158116,2755.3812533158116,2755.3704385118454,2755.370438511845,2978.749791785343,3478.6204788783843,0.0,0.0,0.0,0.0,0.0,0.0,0.0,0.0,0.0
2013-02-26,-2992.855315837752,1574.2749014118663,2107.4468818123205,1731.0556760850309,2205.4531251556627,1692.985936951894,2339.5686034838213,1972.7125847046627,2418.019754986395,1972.7079737616596,2361.545189043419,2212.4766876852636,2740.3055941518164,2755.3812533158116,2755.381253315811,2755.3709814434965,2755.370981443497,3136.590564333313,3555.1220537773625,1.0,1.0,1.0,1.0,1.0,1.0,1.0,1.0,0.0
2013-02-27,-287.3973825458683,1972.7125847046627,2580.726267462085,1731.0573775655016,2359.754301979348,1737.0914567383652,2366.1524432417004,2755.3812533158116,2867.521782840062,2494.5888527228317,2714.5683585517068,2178.177059822679,2785.4057606431807,2992.855315837752,2992.8553158377517,2992.8400890821113,2992.840089082111,3131.399424409226,3684.4334230953914,0.0,0.0,0.0,0.0,0.0,0.0,0.0,0.0,0.0
2013-02-28,220.6316010400244,1731.0674684616351,2392.8577409811064,1972.708851532178,2562.1665792677013,1833.6364240942469,2495.3911029537744,2494.577009921374,2749.9224773296132,2755.3748853496645,2878.3482234177873,2283.0268324166877,2926.903811303734,2992.855315837752,2992.8553158377517,2992.840641619143,2992.840641619143,3354.243680946265,3808.03221179664,0.0,0.0,0.0,0.0,0.0,0.0,0.0,0.0,0.0
2013-03-01,-3299.1524496547872,1972.7125847046627,2528.896315267913,1972.7092486728784,2568.7502036503847,1732.1147937557662,2337.518926278403,2494.577009921374,2714.29089212233,2755.3752281808006,2877.6348397008414,2143.222753275213,2763.9836396541887,2992.855315837752,2992.855315837752,2992.841012094725,2992.841012094725,3077.050399964116,3786.2393316653747,1.0,1.0,1.0,1.0,1.0,1.0,1.0,1.0,1.0
2013-03-04,2949.839583140694,1972.7125847046627,2671.440049960597,2494.5892629522086,2856.0038776261736,1945.608527415371,2621.9616640038776,2755.3812533158116,3033.326413263562,2755.3753954493013,3007.6463732935704,2459.7482235637426,3075.7517953416864,3299.1524496547872,3299.152449654788,3299.1501034007306,3299.1501034007306,3419.2920097608994,3942.061314303177,0.0,0.0,0.0,0.0,0.0,0.0,0.0,0.0,0.0
2013-03-05,-1629.6500830540253,2024.8990272263607,2911.399395208856,1972.7090128485931,2655.494554283491,1937.778277246936,2659.2179498865617,2992.855315837752,3161.0184481294577,2755.3741619424945,3009.8636388683844,2450.0929425730687,3152.1598400495022,3299.1524496547872,3299.152449654787,3299.1494225123683,3299.1494225123683,3628.3245192089985,4289.483964792599,0.0,0.0,0.0,0.0,0.0,0.0,0.0,0.0,0.0
2013-03-06,-2380.05415788837,1972.7125847046627,2672.6850442396785,1972.7086651377163,2697.313177821299,1997.9619547533223,2695.7120049417495,2755.3812533158116,3004.006847137155,2755.3741141634882,3044.387281767469,2512.443987248286,3132.453867154758,3299.1524496547872,3299.152449654788,3299.1491055432043,3299.149105543205,3458.6116179435635,3960.0548433487543,1.0,1.0,1.0,0.0,0.0,0.0,0.0,0.0,0.0
2013-03-07,-472.0363784256672,2380.05415788837,2814.0014099326395,2380.0459886506655,2764.401168889709,2103.1298984731557,2802.976910105159,2755.3812533158116,3029.145933220854,2755.3747964037934,2991.655703113127,2531.7002169155753,3282.0194631696186,3299.1524496547872,3299.1524496547872,3299.1498717875584,3299.149871787557,3776.631394102193,4221.68472212447,0.0,0.0,0.0,0.0,0.0,0.0,0.0,0.0,0.0
2013-03-08,-816.5467646241431,2380.05415788837,2789.8964567032594,2380.046369095666,2775.7657793003436,2032.2244365983825,2675.0183696833474,2755.3812533158116,3030.0427179198546,2755.3750131111183,3018.838621082897,2500.480431182119,3090.428094204793,3299.1524496547872,3299.1524496547872,3299.1500877158696,3299.1500877158705,3384.2902025985168,3831.474106378437,0.0,0.0,0.0,0.0,0.0,0.0,0.0,0.0,0.0
2013-03-11,-1709.1764693482148,2380.05415788837,2777.5482533218487,2380.046176459394,2797.9782956432996,2145.5488688215114,2819.105378505084,2755.3812533158116,2982.2386936620055,2755.37481303102,3028.7122456067545,2642.5879593945565,3288.157425198214,3299.1524496547872,3299.1524496547877,3299.149361684238,3299.1493616842395,3641.5795916643283,4399.47622751171,0.0,0.0,0.0,0.0,0.0,0.0,0.0,0.0,0.0
2013-03-12,329.26857668457706,1972.7125847046627,2652.0783638332123,2380.0462665488412,2780.319990569054,2070.3824308818007,2779.2791997140066,2755.3812533158116,3046.7606959443006,2755.3752768173026,3020.893696580001,2625.727996485607,3243.5974227757956,3299.1524496547872,3299.1524496547877,3299.149368470509,3299.149368470509,3546.2580184829994,4067.1865761935987,0.0,0.0,0.0,0.0,0.0,0.0,0.0,0.0,0.0
2013-03-13,-724.7067330110153,1972.7125847046627,2626.225872874114,1972.7089236102565,2642.5296855476495,2096.1331599580867,2783.9168187671444,2755.3812533158116,3013.817389081768,2755.3753028911196,2999.2242858305563,2602.2681816256018,3234.925461407441,3299.1524496547872,3299.1524496547872,3299.149472176565,3299.1494721765644,3615.787191028593,4387.689019597381,0.0,0.0,0.0,0.0,0.0,0.0,0.0,0.0,0.0
2013-03-14,2416.168588839181,2380.05415788837,2787.4465691787573,2380.0456838905397,2762.4232944858563,2063.052593130847,2768.7960003980493,2755.3812533158116,3024.5200653030656,2755.3747395983373,3018.746266817209,2597.495982446902,3213.713486879654,3299.1524496547872,3299.1524496547872,3299.1486797217012,3299.148679721702,3475.344666286775,4196.559886950079,0.0,0.0,0.0,0.0,0.0,0.0,0.0,0.0,0.0
2013-03-15,-520.5698556257564,2380.05415788837,2763.642204480573,1972.7076914309214,2665.818347983983,2012.5078119781226,2690.083506055891,2755.3812533158116,2979.562396703318,2755.373157699036,3026.839999247696,2438.953685774134,3158.3153335836305,3299.1524496547872,3299.152449654788,3299.1481301136273,3299.1481301136278,3793.170224408032,4243.626939908029,0.0,0.0,0.0,0.0,0.0,0.0,0.0,0.0,0.0
2013-03-18,2843.8085076616576,1972.7125847046627,2666.3917894580504,2380.044478864338,2759.2040624508054,2036.8246140070198,2736.8653168596747,2755.3812533158116,3005.7244151329437,2755.372523945665,2984.7628091381875,2572.203431312526,3164.481642919355,3299.1524496547872,3299.1524496547872,3299.147917520269,3299.147917520269,3387.3470284978234,3945.7006526366204,0.0,0.0,0.0,0.0,0.0,0.0,0.0,0.0,0.0
2013-03-19,-3114.4444340459386,2380.05415788837,2812.665703549257,1972.7086097901201,2636.8114579957514,1949.9239095353323,2637.0779508395435,2755.3812533158116,3036.6802350903085,2755.3736031827616,3009.3743939178057,2497.448188706867,3064.1811738517695,3299.1524496547872,3299.1524496547877,3299.148917534846,3299.1489175348456,3452.292869644627,3907.9602132971836,1.0,1.0,1.0,1.0,1.0,1.0,0.0,0.0,0.0
2013-03-20,2424.562953051484,2380.05415788837,2872.3265333106847,2380.0473519654215,2857.5730285635286,2114.678676304059,2882.785016324882,2992.855315837752,3146.430356907063,2992.8409678896724,3133.337126705577,2751.994337030487,3377.1349453893135,3299.1524496547872,3299.152449654788,3299.1501090398633,3299.1501090398638,3854.3776540152876,4212.2000203200805,0.0,0.0,0.0,0.0,0.0,0.0,0.0,0.0,0.0
2013-03-21,3707.905182182247,2380.05415788837,2824.1406505229606,2380.048424707361,2818.323325040795,2170.7294245123035,2953.33067526279,2992.855315837752,3124.4882119301683,2755.375441819438,3056.2443669504223,2858.6801491626,3425.180866321092,3299.1524496547872,3299.1524496547877,3299.1510878712434,3299.1510878712425,3717.0212786409925,4283.709248613079,0.0,0.0,0.0,0.0,0.0,0.0,0.0,0.0,0.0
2013-03-22,-260.8484056361026,2380.05415788837,2825.012929802686,2380.048772425066,2878.454709359614,2102.1139549631243,2913.8232617434983,2992.855315837752,3114.5496670187376,2992.841469410704,3135.4746650289867,2788.9865472498295,3416.6774687874795,3299.1524496547872,3299.152449654789,3299.1529325387683,3299.1529325387683,3801.7980961541743,4442.022241636631,0.0,0.0,0.0,0.0,0.0,0.0,0.0,0.0,0.0
2013-03-25,197.51998472138996,2494.577009921374,2929.2689346611232,2380.0489599237226,2839.345388823376,2131.8798036939365,3029.9722300388194,2992.855315837752,3126.4739194099557,2992.8414573026876,3140.3657888551807,2824.267338833551,3599.446135125023,3299.1524496547872,3299.1524496547877,3299.1530119651957,3299.1530119651966,4160.388656897602,4711.580895579122,0.0,0.0,0.0,0.0,0.0,0.0,0.0,0.0,0.0
2013-03-26,200.2149087815145,2380.05415788837,2815.915463093442,2380.049062227208,2839.9043126574793,2144.1947172182927,2918.6214721667266,2755.3812533158116,3075.336338181069,2992.841749544446,3130.1963844985435,2720.020337397316,3414.1585026037396,3299.1524496547872,3299.1524496547872,3299.1529177677307,3299.1529177677303,4008.8712310790806,4517.172714879892,0.0,0.0,0.0,0.0,0.0,0.0,0.0,0.0,0.0
2013-03-27,3855.0217553609536,2380.05415788837,2847.0655114041706,1972.7108234785933,2681.2785947721677,1986.8955982983678,2796.6313401478446,2992.855315837752,3140.4761750427942,2755.3757704546147,3029.5048766462355,2560.412486508213,3337.3046039156484,3299.1524496547872,3299.1524496547872,3299.15290128515,3299.1529012851506,3793.2978274676366,4195.90366198754,0.0,0.0,0.0,0.0,0.0,0.0,0.0,0.0,0.0
2013-03-28,-1303.7165287551566,2380.05415788837,2874.9355540455085,2380.0491540302405,2871.523646813565,2076.4977270573163,2852.8985932751816,2992.855315837752,3122.721685937116,2992.8421684188424,3139.9783740675434,2696.376284218026,3315.9769080425554,3299.1524496547872,3299.1524496547877,3299.1530565681005,3299.1530565681005,3713.6844284831973,4335.515348188854,0.0,0.0,0.0,0.0,0.0,0.0,0.0,0.0,0.0
2013-03-29,-5018.677891701007,2380.05415788837,2865.0348480993184,2380.049771997834,2842.7254531962426,2172.3202667611113,2987.033920079415,2992.855315837752,3131.8666513381922,2992.842824088644,3138.331090358459,2827.718492625541,3474.0504054582793,3299.1524496547872,3299.1524496547872,3299.153093772515,3299.1530937725156,3793.1042708192535,4345.1688737979475,1.0,1.0,1.0,1.0,1.0,1.0,1.0,1.0,1.0
2013-04-01,821.3091868183301,2380.05415788837,3096.3452483648875,2380.051485119511,3178.9953652146714,2299.1540770552633,3093.804944524808,2992.855315837752,3605.2034972775036,2992.843903893897,3591.451314647698,2935.9545959377288,3593.698087237998,5018.677891701007,5018.677891701007,5018.658141580329,5018.6581415803275,3961.269420296878,4419.195697842364,0.0,0.0,0.0,0.0,0.0,0.0,0.0,0.0,0.0
2013-04-02,-4027.275904304037,2494.577009921374,3296.0762578396098,2380.0507827033234,3102.480869579597,2384.9600075022063,3173.0836886659695,2992.855315837752,3653.280649981578,2992.8440966502203,3541.522801182691,2945.3693503009185,3687.5212478111553,5018.677891701007,5018.677891701005,5018.657934710991,5018.657934710992,4073.054161093796,4829.082549889953,1.0,1.0,1.0,1.0,1.0,1.0,0.0,0.0,0.0
2013-04-03,-1593.1218117132853,2755.3812533158116,3601.9501186717603,2755.375945198589,3568.066486555177,2397.8693034863923,3359.3850490803497,3299.1524496547872,4224.574320776762,3299.1562051484307,4028.5784774508866,3131.0159876066573,3953.982539440873,5018.677891701007,5018.677891701006,5018.656962645628,5018.656962645627,4373.920297306505,5217.417665432895,0.0,0.0,0.0,0.0,0.0,0.0,0.0,0.0,0.0
2013-04-04,859.8714256582628,2494.577009921374,3364.6834489799203,2494.5876115794254,3468.5401959842748,2531.3687814872624,3374.804525405356,3114.4444340459386,3840.0819036998896,3114.431513737045,3907.1570087779064,3198.1409335425237,3937.393946455741,5018.677891701007,5018.677891701007,5018.657296347103,5018.6572963471035,4460.245833017451,4925.841939829691,0.0,0.0,0.0,0.0,0.0,0.0,0.0,0.0,0.0
2013-04-05,3780.662778139727,2520.6574342608315,3506.5865502810566,2755.376892745471,3486.3335665123604,2376.5032598722228,3260.1412141516607,3114.4444340459386,3892.3132771439837,3114.432808926029,3808.8355750657197,3114.608590147432,3829.571878939206,5018.677891701007,5018.677891701006,5018.657593274302,5018.657593274303,4162.184545827376,4826.594206611861,0.0,0.0,0.0,0.0,0.0,0.0,0.0,0.0,0.0
2013-04-08,1387.3990451494435,2755.3812533158116,3568.0145224782705,2494.5877546507613,3390.1708731391536,2435.8576822706195,3362.8615981018274,3299.1524496547872,4138.815480390498,3123.6685074839097,4112.140230479748,3145.1026333387945,3980.5646426359917,5018.677891701007,5018.677891701007,5018.656914279367,5018.656914279366,4508.664195841935,5186.954615654421,0.0,0.0,0.0,0.0,0.0,0.0,0.0,0.0,0.0
2013-04-09,3125.360953223429,2755.3812533158116,3537.446149238764,2755.3762455737187,3461.4275865609516,2435.929023345124,3213.449297503406,3299.1524496547872,4124.818582092241,3299.1567070597657,4078.7378409850826,2948.123506458325,3751.6557350676717,5018.677891701007,5018.677891701007,5018.6569358220795,5018.656935822078,4246.273700218391,4917.1389592319865,0.0,0.0,0.0,0.0,0.0,0.0,0.0,0.0,0.0
2013-04-10,1390.4435885408989,2755.3812533158116,3484.9013501456025,2494.5871062987135,3338.138430380639,2506.6648733479356,3372.5613765026646,3114.4444340459386,3774.046971020227,3114.4329723299065,3830.646582523347,3130.11861617207,3945.0495181091987,5018.677891701007,5018.677891701007,5018.660714700229,5018.66071470023,4527.798634406439,5132.74859126028,0.0,0.0,0.0,0.0,0.0,0.0,0.0,0.0,0.0
2013-04-11,1073.7089481706612,2494.577009921374,3452.7608561482916,2494.5870167880335,3408.783870880388,2412.522439656725,3257.360387490842,3114.4444340459386,3863.3268243607067,3114.432517580077,3919.331352679788,3098.3508853171943,3789.9632326957576,5018.677891701007,5018.677891701005,5018.660956179342,5018.660956179342,4143.672008401171,4869.516999988999,0.0,0.0,0.0,0.0,0.0,0.0,0.0,0.0,0.0
2013-04-12,4397.201963904927,2494.577009921374,3321.6172747442024,2755.3760335030393,3570.3174713423914,2423.602139629868,3349.2630361761585,3114.4444340459386,3812.8139737077136,3299.160699526132,4125.121890993634,3056.1196384527566,3964.0325721704057,5018.677891701007,5018.677891701007,5018.660876059952,5018.660876059954,4454.9087409812955,5150.325492001521,0.0,0.0,0.0,0.0,0.0,0.0,0.0,0.0,0.0
2013-04-15,-2285.584877573262,2380.05415788837,3283.507378751607,2494.630235369115,3429.4846760548817,2374.7376847844394,3549.7210117496597,3114.4444340459386,3821.5998102359936,3114.429351630637,3856.9691415564357,3306.1451037435822,4332.950312316923,5018.677891701007,5018.677891701005,5018.6662507896235,5018.6662507896235,4990.86395562488,5599.8547657728805,0.0,0.0,0.0,0.0,0.0,0.0,0.0,0.0,0.0
2013-04-16,-5121.860791265111,2494.577009921374,3557.9707487920123,2494.6608760110166,3543.9190355791466,2531.6342661684803,3459.0975389393266,3299.1524496547872,4159.141271022468,3299.173846112006,4140.1390303328435,3143.9557326220843,4093.9861049793044,5018.677891701007,5018.677891701005,5018.668540607587,5018.668540607587,4610.459491664398,5404.326199753771,1.0,1.0,1.0,1.0,1.0,1.0,1.0,1.0,1.0
2013-04-17,92.31645950632365,2992.855315837752,3999.0583593463493,2494.647515062201,3699.249125333585,2570.2288087673764,3690.5024359395043,4027.275904304037,4758.2960102229645,3299.1742062676667,4360.846331365956,3409.8371925934234,4404.7503200029405,5121.860791265111,5121.860791265113,5121.925440879162,5121.925440879162,5033.669553320017,5877.217684036672,0.0,0.0,0.0,0.0,0.0,0.0,0.0,0.0,0.0
2013-04-18,-398.4834073104839,2494.577009921374,3665.359468089244,2494.647394530321,3724.4416631225326,2542.8483193770494,3552.2526974485504,3299.1524496547872,4211.771342769443,3299.173876753362,4379.525187463644,3253.2382447591062,4224.638312374424,5121.860791265111,5121.86079126511,5121.9258423859565,5121.9258423859565,5060.134429378551,5428.8690437415535,0.0,0.0,0.0,0.0,0.0,0.0,0.0,0.0,0.0
2013-04-19,2157.8550266658945,2494.577009921374,3845.1833379518407,2494.6480866599904,3804.626677509581,2478.084925721436,3525.8640405157707,4027.275904304037,4818.372785647206,4027.2682024804035,4768.846769906632,3282.6331455954005,4234.9615097534315,5121.860791265111,5121.860791265112,5121.926551511631,5121.926551511631,4845.003877636589,5544.345404090646,0.0,0.0,0.0,0.0,0.0,0.0,0.0,0.0,0.0
2013-04-22,3908.193824733645,2992.855315837752,3933.9574071093293,2992.82875349203,3846.8687819150755,2535.0072234311533,3477.921285484887,4027.275904304037,4784.29802365353,3299.1741284257496,4318.609906482962,3209.968946284786,4103.466728799002,5121.860791265111,5121.860791265112,5121.926139494823,5121.926139494822,4531.7403872910945,5273.727650898284,0.0,0.0,0.0,0.0,0.0,0.0,0.0,0.0,0.0
2013-04-23,-325.58540401610094,2992.855315837752,3867.621638979275,2380.0516377128465,3500.273758185494,2529.6407771442446,3510.2460585049344,3299.1524496547872,4306.941889464106,3299.1771302875723,4279.3921541632935,3341.2929445857953,4143.4341198358115,5121.860791265111,5121.860791265112,5121.915741338351,5121.915741338351,4707.9526230772,5309.252663630783,0.0,0.0,0.0,0.0,0.0,0.0,0.0,0.0,0.0
2013-04-24,4536.463494214846,2494.577009921374,3708.9599863240173,2992.8305819926113,4004.245123598895,2660.030302176764,3705.818933150309,3299.1524496547872,4354.250220756849,4027.2685976420503,4728.759902918607,3464.0579355326927,4408.958752792874,5121.860791265111,5121.860791265112,5121.91635454725,5121.91635454725,5128.394806128601,5881.520463552306,0.0,0.0,0.0,0.0,0.0,0.0,0.0,0.0,0.0
2013-04-25,-720.042049870348,2992.855315837752,4025.6422194783086,2494.661486026199,3706.0589403412077,2558.38177801416,3613.338030886785,4027.275904304037,4745.392030860104,3299.1812010341396,4492.587585232637,3372.786236602262,4312.399015700274,5121.860791265111,5121.860791265112,5121.936063684219,5121.93606368422,5025.961546924717,5694.46900182978,0.0,0.0,0.0,0.0,0.0,0.0,0.0,0.0,0.0
2013-04-26,1156.1598949940674,2544.4048405130375,3880.9589049147885,2992.8154072835023,3763.767043299634,2542.561927031091,3680.8074688924203,3299.1524496547872,4352.019724190577,3299.1733094308793,4301.0975367492,3425.6691225109066,4373.706191265312,5121.860791265111,5121.860791265113,5121.9426855490765,5121.9426855490765,4930.199713475069,5895.8772031790195,0.0,0.0,0.0,0.0,0.0,0.0,0.0,0.0,0.0
2013-04-29,-2582.534371779947,2380.05415788837,3695.3196610438226,2380.050406713008,3763.0326560023664,2686.7563898211088,3633.5639099867462,3299.1524496547872,4360.4064871897845,4027.253903045706,4679.346415826169,3338.511186635083,4283.808856410429,5121.860791265111,5121.860791265112,5121.950516357232,5121.950516357232,4881.605792659303,5880.14922175028,1.0,1.0,0.0,0.0,0.0,0.0,0.0,0.0,0.0
2013-04-30,2891.543089363978,2582.534371779947,3700.75791071277,2582.5537742154656,3720.790497731834,2528.581877483612,3495.08619796224,3299.1524496547872,4404.555726926902,3299.1715835634313,4465.623637275638,3327.90674436531,4105.361241339862,5121.860791265111,5121.860791265112,5121.949386903968,5121.949386903967,4549.479174932995,5330.616211750514,0.0,0.0,0.0,0.0,0.0,0.0,0.0,0.0,0.0
2013-05-01,-1148.8954382416075,2992.855315837752,3905.2287961302554,2992.818872814908,3928.595121236999,2670.567884216102,3746.9250494834187,3299.1524496547872,4369.145259958783,4027.253569356397,4709.757911969561,3528.753851230081,4411.055367044447,5121.860791265111,5121.860791265112,5121.949433775455,5121.949433775454,4978.690568646006,5726.855452042136,0.0,0.0,0.0,0.0,0.0,0.0,0.0,0.0,0.0
2013-05-02,2108.8318065011886,2582.534371779947,3731.4653455366224,2582.5540341168717,3644.022545228468,2746.25283372106,3704.103503518461,3299.1524496547872,4433.41930119397,3299.171934028742,4344.681816956252,3439.1998376537904,4355.646576117293,5121.860791265111,5121.860791265112,5121.949669686401,5121.949669686402,4941.66736437613,5850.768538313552,0.0,0.0,0.0,0.0,0.0,0.0,0.0,0.0,0.0
2013-05-03,-1457.2062681041543,2582.534371779947,3747.1463482986233,2582.5549576915646,3779.57804080646,2655.2076696288746,3609.619177548732,3335.5586223871856,4705.737552968221,4027.253442374177,4642.4758741108735,3320.9065165772977,4219.795149081835,5121.860791265111,5121.860791265111,5121.9498678317905,5121.9498678317905,4805.360550474933,5294.198202631082,0.0,0.0,0.0,0.0,0.0,0.0,0.0,0.0,0.0
2013-05-06,-2153.921022126792,2992.855315837752,3945.776312679155,2582.554512913532,3723.3914024055775,2713.3538300255072,3703.422786271805,4027.275904304037,4703.40161879249,3299.1736914108924,4455.647982727906,3423.132839786048,4379.209291364331,5121.860791265111,5121.860791265112,5121.95019324121,5121.95019324121,4875.935650607405,5907.844649308101,0.0,0.0,0.0,0.0,0.0,0.0,0.0,0.0,0.0
2013-05-07,722.7944283335202,2992.855315837752,3913.9147939587638,2582.554596033925,3749.828070001705,2912.458886319711,3974.233814458568,4027.275904304037,4686.139411039971,4027.253318944982,4680.917502881198,3670.5125572518773,4671.041072853291,5121.860791265111,5121.860791265112,5121.950562163286,5121.950562163286,5385.746488417172,6116.857658130112,0.0,0.0,0.0,0.0,0.0,0.0,0.0,0.0,0.0
2013-05-08,771.7173076758022,2992.855315837752,3943.6858445573466,2992.819804336511,3916.8763405449427,2665.187074833779,3715.3461566857504,4027.275904304037,4786.486986293589,4027.253600561501,4711.527933332166,3474.6771279519294,4396.8347878634695,5121.860791265111,5121.860791265112,5121.9506302879745,5121.950630287975,4945.978293503016,5800.758764833922,0.0,0.0,0.0,0.0,0.0,0.0,0.0,0.0,0.0
2013-05-09,395.81772978717686,2992.855315837752,3975.3581807614987,2582.553654401566,3750.192978667623,2743.2447432438344,3833.679659223895,4027.275904304037,4772.704758169573,4027.249202705276,4735.637594426143,3553.6250922688946,4530.425502686136,5121.860791265111,5121.860791265112,5121.947085875037,5121.947085875037,5234.975939874418,5956.773149532856,0.0,0.0,0.0,0.0,0.0,0.0,0.0,0.0,0.0
2013-05-10,-2223.0464722808583,2582.534371779947,3731.5775465237944,2992.816836459454,3985.4487404542565,2630.8761688885525,3742.710456544627,3299.1524496547872,4394.091470385036,4027.2511655754524,4792.2257620442615,3413.055869406239,4489.423500860733,5121.860791265111,5121.860791265111,5121.948764208335,5121.948764208334,5245.799855672446,6058.431720834442,0.0,0.0,0.0,0.0,0.0,0.0,0.0,0.0,0.0
2013-05-13,-2866.3988575260705,2992.855315837752,3982.065038345599,2582.5527659968748,3587.8760712512585,2796.8526497132452,3782.483012179141,4027.275904304037,4751.029261822505,3299.1654578634343,4325.562788479289,3593.4283501313926,4399.201072357602,5121.860791265111,5121.860791265112,5121.948352811322,5121.948352811322,4846.560523910964,5521.06217773421,0.0,1.0,1.0,0.0,0.0,0.0,0.0,0.0,0.0
2013-05-14,1066.3952802339961,2992.855315837752,3877.1439450339667,2992.817932341478,3990.572174569582,2993.4779095777762,4138.391260738792,3299.1524496547872,4325.495447335724,4027.251474096737,4830.23685678119,3862.2796688079734,4906.359214647194,5121.860791265111,5121.860791265112,5121.94351413496,5121.943514134961,5624.1258707729385,6618.970446049547,0.0,0.0,0.0,0.0,0.0,0.0,0.0,0.0,0.0
2013-05-15,24.089297129763533,2992.855315837752,3817.458269911738,2866.4976786863513,3856.1980473407884,2830.622563855344,3803.777765067398,3299.1524496547872,4279.29590407958,4027.2564637786845,4766.875446439525,3549.202809026484,4456.861393516543,5121.860791265111,5121.860791265111,5121.943531203044,5121.943531203044,4959.789050747616,5675.271829623969,0.0,0.0,0.0,0.0,0.0,0.0,0.0,0.0,0.0
2013-05-16,693.0335709358235,2992.855315837752,3970.8550715729657,2992.822028685444,3915.994100701377,2822.680443136079,3931.5324087290332,4027.275904304037,4676.452548050707,4027.255771343208,4733.110483572349,3710.463256735907,4651.615867506808,5121.860791265111,5121.860791265112,5121.943226532349,5121.943226532349,5411.9180861752575,6011.984557254123,0.0,0.0,0.0,0.0,0.0,0.0,0.0,0.0,0.0
2013-05-17,2913.469648549324,2866.3988575260705,3843.834446909754,2992.821918307654,4028.0728744723533,2810.424421015049,3970.9841179905593,3335.5586223871856,4725.565592716161,4027.255486043591,4761.134431046069,3636.783012670268,4747.668083385441,5121.860791265111,5121.860791265111,5121.943240711224,5121.943240711224,5383.804336100486,6164.100904445574,0.0,0.0,0.0,0.0,0.0,0.0,0.0,0.0,0.0
2013-05-20,-131.86314281956015,2992.855315837752,3943.27043585277,2992.8225164537666,3909.044247489496,2707.5388389818086,3737.2120744924505,4027.275904304037,4730.301295641706,4027.2556704596664,4683.980559472104,3407.5223211380758,4430.500828237763,5121.860791265111,5121.860791265111,5121.942196260841,5121.942196260842,4958.927421910525,5739.831344425299,0.0,0.0,0.0,0.0,0.0,0.0,0.0,0.0,0.0
2013-05-21,-3458.2094264835855,2866.3988575260705,3745.088622674208,2992.822923104466,4023.059312945119,2742.6057515637467,3815.781387282704,3299.1524496547872,4422.07921900265,4027.256264433201,4740.7810287069715,3518.802950690895,4490.036393514732,5121.860791265111,5121.860791265112,5121.9419008242185,5121.941900824219,4969.221944724739,5725.636116068679,1.0,1.0,1.0,1.0,0.0,0.0,0.0,0.0,0.0
2013-05-22,1590.9706835908212,3114.4444340459386,4077.311500814033,3114.4090170365516,4032.03435349503,2713.192175742082,3752.470893922613,4027.275904304037,4703.11491274006,4027.253148888898,4664.2435446579075,3552.3640153332253,4433.22093813293,5121.860791265111,5121.860791265112,5121.939055732287,5121.939055732287,5071.2847919331525,5669.959645682148,0.0,0.0,0.0,0.0,0.0,0.0,0.0,0.0,0.0
2013-05-23,-2038.4631833910312,3114.4444340459386,4015.2449157755177,3114.4077873381757,4016.5027318999714,2672.5846195477047,3812.04011386995,3458.2094264835855,4431.192559849304,4027.253296577883,4733.788285465564,3592.066829535705,4529.308736857059,5121.860791265111,5121.860791265112,5121.936401634637,5121.936401634638,5055.372038988834,5814.563741628044,0.0,0.0,0.0,0.0,0.0,0.0,0.0,0.0,0.0
2013-05-24,3067.770379863669,3114.4444340459386,4072.9095647578965,2866.4871282616195,3841.7407235302594,2880.053478313,3957.579227049542,4027.275904304037,4768.448122313149,3458.179386700615,4349.887215529454,3676.427692388878,4699.120450754871,5121.860791265111,5121.860791265113,5121.928995018022,5121.928995018022,5509.002003343533,6310.402490656952,0.0,0.0,0.0,0.0,0.0,0.0,0.0,0.0,0.0
2013-05-27,-338.85574984058724,2582.534371779947,3758.1037776785706,2582.5335491864416,3749.4995836480653,2589.4293606807873,3747.479530758478,3458.2094264835855,4499.29718214802,3458.1837723649214,4564.616677220011,3383.211667511675,4518.927515788364,5121.860791265111,5121.860791265112,5121.926148362301,5121.926148362301,5364.491363234381,6167.8977181182245,0.0,0.0,0.0,0.0,0.0,0.0,0.0,0.0,0.0
2013-05-28,-3721.3973327864187,2866.3988575260705,4058.6211558698665,2866.485371260961,3924.5714881105673,2725.922146243101,3786.6534880606387,4027.275904304037,4747.471230803052,4027.249575073165,4695.535641239601,3592.5745852734062,4396.348759252313,5121.860791265111,5121.860791265112,5121.925076858744,5121.925076858746,4899.239441134936,5355.235753221445,1.0,1.0,1.0,0.0,0.0,1.0,0.0,0.0,0.0
2013-05-29,-1321.324637749044,2866.3988575260705,3929.5667649467932,2866.478283885035,3923.246233744485,2873.274579586484,3983.4075454061444,4027.275904304037,4693.970159691233,3721.460119932746,4412.790014679683,3712.005536157538,4710.917851203826,5121.860791265111,5121.860791265113,5121.918570591384,5121.918570591385,5499.468524478942,6118.881495346109,0.0,0.0,0.0,0.0,0.0,0.0,0.0,0.0,0.0
2013-05-30,-1990.9721874373145,3114.4444340459386,4064.2592751265015,2866.4774386501,4035.433045426418,2824.5452033035167,3843.669725074449,4027.275904304037,4723.560259641571,4027.247950667859,4757.8080438543975,3575.070332959243,4500.129716423737,5121.860791265111,5121.860791265112,5121.916922982424,5121.916922982425,5044.877783683403,5995.5758091877515,0.0,0.0,0.0,0.0,0.0,0.0,0.0,0.0,0.0
2013-05-31,-352.65640692632326,2866.3988575260705,3795.671282231439,2866.4777133026373,3926.5545447601894,2856.121265917334,4068.869244847572,3721.3973327864187,4355.864494824364,4027.24949279038,4612.084626188316,3865.6669819587332,4827.760427095168,5121.860791265111,5121.86079126511,5121.917822518576,5121.917822518576,5347.942110085116,6360.867817956542,0.0,0.0,0.0,0.0,0.0,0.0,0.0,0.0,0.0
2013-06-03,-1832.6645431111187,3114.4444340459386,4138.204949612257,2866.4770106884243,3929.4705400573744,2883.103790116775,4011.381898379959,4027.275904304037,4741.553536297154,3721.459484672022,4475.141973864794,3808.100265734006,4742.079036563891,5121.860791265111,5121.860791265113,5121.916901982887,5121.916901982887,5317.314300716427,6050.88763660273,0.0,0.0,0.0,0.0,0.0,0.0,0.0,0.0,0.0
2013-06-04,-3020.979687880273,3114.4444340459386,4004.877671033849,3114.400471815502,3988.6549690482007,2795.1657202828756,3801.699273026037,3721.3973327864187,4450.759918866594,4027.245230476875,4626.03498546895,3599.7373115788087,4414.221104254513,5121.860791265111,5121.860791265111,5121.916261587261,5121.916261587261,5100.684865915613,5622.8164445161,0.0,0.0,1.0,0.0,0.0,0.0,0.0,0.0,0.0
2013-06-05,3212.9911920339646,3114.4444340459386,4134.500871672979,3021.0013131384812,4058.9370650256715,3027.4561265123198,4088.952924010897,4027.275904304037,4722.604862423385,4027.244391341056,4731.817577540734,3843.162398922979,4725.035810551151,5121.860791265111,5121.860791265113,5121.919226775115,5121.919226775115,5209.413219792444,5802.118347894163,0.0,0.0,0.0,0.0,0.0,0.0,0.0,0.0,0.0
2013-06-06,-1119.5724460287001,3114.4444340459386,4025.3898476486497,3020.9930945503247,3984.374623077751,2992.4383616164887,4248.964903113716,3721.3973327864187,4461.739702570245,4027.2448955717095,4717.8678316233345,4078.1025624007525,5028.506006631382,5121.860791265111,5121.860791265111,5121.92190862133,5121.92190862133,5688.829453338813,6428.631295465669,0.0,0.0,0.0,0.0,0.0,0.0,0.0,0.0,0.0
2013-06-07,4079.267285525536,3114.4444340459386,4136.511365834049,3020.979599037966,3943.549790797946,2987.161005079601,4061.5606213169694,4027.275904304037,4744.243097997749,3721.4662123164435,4489.949231027279,3827.7070834962283,4747.173508550457,5121.860791265111,5121.860791265113,5121.926409428013,5121.926409428012,5025.994063266021,6027.100931391614,0.0,0.0,0.0,0.0,0.0,0.0,0.0,0.0,0.0
2013-06-10,766.9229193555159,3114.4444340459386,4055.2286386170204,3114.4013784957847,3961.0554169057937,2865.179045782576,4110.726619102908,4027.275904304037,4665.387216259605,3721.467864194326,4356.955800137512,3781.6751716265,4893.421619294311,5121.860791265111,5121.860791265113,5121.926604007664,5121.926604007664,5623.423878198179,6266.78002981759,0.0,0.0,0.0,0.0,0.0,0.0,0.0,0.0,0.0
2013-06-11,-1919.2555823628136,3020.979687880273,3997.0329188393416,3020.976747387445,3928.5930343780615,2960.3527820429263,4131.377299518816,4027.275904304037,4694.248307091553,4027.2444252679543,4745.085270262018,3835.1953355151295,4879.476549464819,5121.860791265111,5121.860791265111,5121.923197182964,5121.923197182965,5490.846678911412,6399.071618576503,0.0,0.0,0.0,0.0,0.0,0.0,0.0,0.0,0.0
2013-06-12,-1228.658613098169,3020.979687880273,3961.7230284145207,3020.975651137923,4091.674159798327,2918.011518347172,4051.8803334689833,3721.3973327864187,4446.758736478079,4027.241262513143,4722.605121855379,3828.2980372734373,4801.267011837134,5121.860791265111,5121.860791265113,5121.918157952132,5121.918157952133,5362.2678413660915,6049.084958208878,0.0,0.0,0.0,0.0,0.0,0.0,0.0,0.0,0.0
2013-06-13,-1490.3204724364932,3020.979687880273,4048.611735814465,3020.9764807684664,4067.773278293816,3065.8171226951736,4195.703043520951,4027.275904304037,4668.050836293105,4027.241463839583,4740.809412351995,3846.671925246534,4955.003579260525,5121.860791265111,5121.860791265112,5121.916075494972,5121.9160754949735,5585.4606292960825,6678.85489572691,0.0,0.0,0.0,0.0,0.0,0.0,0.0,0.0,0.0
2013-06-14,-2348.9535745953644,2866.3988575260705,3775.351230397146,3020.9796379016934,4077.214058553997,3106.432535989564,4190.350790631455,3721.3973327864187,4412.3095039853615,4027.241702492528,4704.288901905599,3838.3588937617546,4930.857458463353,5121.860791265111,5121.860791265111,5121.916014538246,5121.916014538246,5681.344797666554,6464.800085878431,0.0,0.0,0.0,0.0,0.0,0.0,0.0,0.0,0.0
2013-06-17,3016.363267280796,3020.979687880273,4114.820342909592,2881.9292028015852,4148.756083306137,3145.6198545523876,4217.1003808693895,4027.275904304037,4765.261964893797,4027.2414900175236,4789.522211321472,3954.7360057739074,4940.849125816147,5121.860791265111,5121.860791265112,5121.916574884895,5121.916574884896,5610.880156780757,6213.771663977248,0.0,0.0,0.0,0.0,0.0,0.0,0.0,0.0,0.0
2013-06-18,282.51945115568776,2866.3988575260705,3913.6247468896495,2881.9304639637844,4185.926976417621,2922.8280520464987,4123.801256285085,3721.3973327864187,4511.21342442154,4027.242717448521,4813.242545978769,3913.9682283932643,4863.053201056662,5121.860791265111,5121.860791265111,5121.917317172941,5121.917317172941,5359.615766129387,6360.410491889851,0.0,0.0,0.0,0.0,0.0,0.0,0.0,0.0,0.0
2013-06-19,4378.065514119442,2866.3988575260705,3816.7451002263283,2866.4816678749703,3931.1681946433723,2918.1719667098155,4158.55921856978,3721.3973327864187,4430.289732597726,3736.7581189071066,4705.116362328866,3816.7761656534194,4969.238093142587,5121.860791265111,5121.860791265112,5121.917157375979,5121.917157375979,5597.696825838416,6637.191615340029,0.0,0.0,0.0,0.0,0.0,0.0,0.0,0.0,0.0
2013-06-20,613.4726874369544,2866.3988575260705,3861.8631952805767,2866.481196172785,3831.686652318902,2880.1664117329105,4065.9886570630224,3721.3973327864187,4459.3884097903765,3721.468804066076,4483.36482144061,3791.761150011329,4795.361291654283,5121.860791265111,5121.860791265112,5121.917937780267,5121.917937780267,5450.287234989527,6037.984388476606,0.0,0.0,0.0,0.0,0.0,0.0,0.0,0.0,0.0
2013-06-21,1852.810680070239,3020.979687880273,4023.495663736995,3020.976075032254,4091.860109064717,3143.2143975943977,4218.726958620067,3721.3973327864187,4471.0302314086075,4027.2439777362833,4701.589196236224,3944.8957670302198,4924.204189735043,5121.860791265111,5121.860791265111,5121.916007932308,5121.916007932308,5702.803467889546,6376.651090658418,0.0,0.0,0.0,0.0,0.0,0.0,0.0,0.0,0.0
2013-06-24,-2880.873939939573,2582.534371779947,3446.6529265897934,2866.479494130117,3684.903975687644,3002.0012986002594,4119.188276845304,3458.2094264835855,4011.624956413736,3721.4679962773366,4341.869931469985,3792.6507971335427,4880.173301992498,5121.860791265111,5121.86079126511,5121.915668366118,5121.9156683661195,5376.687336584224,6334.693812337542,1.0,1.0,0.0,0.0,0.0,0.0,0.0,0.0,0.0
2013-06-25,436.47674943967564,2880.873939939573,3732.2963759322965,2880.955058839385,3672.052161144946,2814.827549789889,3998.5668166185046,3721.3973327864187,4310.019677764899,3721.4651035750967,4188.096531128331,3743.1966918668645,4725.047229482415,5121.860791265111,5121.860791265113,5121.907646977988,5121.907646977988,5231.682694981937,6144.710427097983,0.0,0.0,0.0,0.0,0.0,0.0,0.0,0.0,0.0
2013-06-26,-1657.1780518391085,2866.3988575260705,3507.4280639181225,2866.468361422257,3433.890704651915,2712.111316601907,3735.929349154143,3458.2094264835855,4128.291969452222,3458.1704740416058,3966.794660902415,3487.169579914253,4421.898165185592,5121.860791265111,5121.860791265112,5121.900851076371,5121.900851076371,4908.302984269787,5881.403667687918,0.0,0.0,0.0,0.0,0.0,0.0,0.0,0.0,0.0
2013-06-27,-2436.2774027564456,2866.3988575260705,3455.4164930314346,2582.5278184539216,3425.5340292362152,2723.8481224820857,3828.7021139120397,3020.979687880273,3826.2482997507473,3020.9705078132984,3947.4748919274584,3556.482374834108,4568.649568465515,5121.860791265111,5121.860791265112,5121.901826478872,5121.901826478871,5197.17904926117,6090.672442937655,0.0,0.0,0.0,0.0,0.0,0.0,0.0,0.0,0.0
2013-06-28,-887.2680694756386,2582.534371779947,3449.5113159354337,2610.923293524379,3442.1768950285846,2869.3105897295777,3973.4242681183177,3020.979687880273,3952.777606318416,3020.97180537257,3862.0336214958133,3727.6066684857424,4700.996924431105,5121.860791265111,5121.860791265112,5121.904581942014,5121.904581942014,5317.161427551735,5910.577042442761,0.0,0.0,0.0,0.0,0.0,0.0,0.0,0.0,0.0
