confidence,method,breach_rate,absolute_coverage_error,mean_quantile_loss,coverage_rank,quantile_loss_rank,combined_rank_score,overall_rank
0.9,PWG,0.12149532710280374,0.02149532710280376,375.82821875919115,1.0,1.0,1.0,1.0
0.9,PSP,0.12149532710280374,0.02149532710280376,377.3717026719511,1.0,3.0,2.0,2.0
0.9,PCA,0.1308411214953271,0.030841121495327112,377.1145914997292,3.0,2.0,2.5,3.0
0.95,PCA,0.06542056074766354,0.0154205607476635,231.96901855595593,1.0,2.0,1.5,1.0
0.95,PWG,0.08411214953271028,0.03411214953271023,230.97323798050013,3.0,1.0,2.0,2.0
0.95,PSP,0.07476635514018691,0.024766355140186866,234.45941436256686,2.0,3.0,2.5,3.0
0.99,PWG,0.028037383177570093,0.018037383177570084,62.071916503882896,1.0,1.0,1.0,1.0
0.99,PSP,0.037383177570093455,0.027383177570093446,64.73190020717445,2.0,2.0,2.0,2.0
0.99,PCA,0.037383177570093455,0.027383177570093446,64.73250430057357,2.0,3.0,2.5,3.0
